gonx,build,10000,49975,0,0.000597
gonx,build,10000,49975,1,0.000751
gonx,build,10000,49975,2,0.000799
gonx,pagerank,10000,49975,0,0.000789
gonx,pagerank,10000,49975,1,0.000807
gonx,pagerank,10000,49975,2,0.000765
gonx,wcc,10000,49975,0,0.000304
gonx,wcc,10000,49975,1,0.000483
gonx,wcc,10000,49975,2,0.000253
gonx,bfs,10000,49975,0,0.000174
gonx,bfs,10000,49975,1,0.000131
gonx,bfs,10000,49975,2,0.000103
gonx,mem,10000,0,0,11288576
gonum,build,10000,49975,0,0.012100
gonum,build,10000,49975,1,0.011076
gonum,build,10000,49975,2,0.011647
gonum,pagerank,10000,49975,0,0.008367
gonum,pagerank,10000,49975,1,0.008456
gonum,pagerank,10000,49975,2,0.007238
gonum,wcc,10000,49975,0,0.017496
gonum,wcc,10000,49975,1,0.017563
gonum,wcc,10000,49975,2,0.015660
gonum,bfs,10000,49975,0,0.005399
gonum,bfs,10000,49975,1,0.003761
gonum,bfs,10000,49975,2,0.003849
gonum,mem,10000,0,0,35602432
networkx,build,10000,49975,0,0.021061
networkx,build,10000,49975,1,0.022485
networkx,build,10000,49975,2,0.029700
networkx,pagerank,10000,49975,0,0.160587
networkx,pagerank,10000,49975,1,0.019688
networkx,pagerank,10000,49975,2,0.018873
networkx,wcc,10000,49975,0,0.004914
networkx,wcc,10000,49975,1,0.003825
networkx,wcc,10000,49975,2,0.003629
networkx,bfs,10000,49975,0,0.004362
networkx,bfs,10000,49975,1,0.003992
networkx,bfs,10000,49975,2,0.003605
networkx,mem,10000,0,0,97058816
igraph,build,10000,49975,0,0.029311
igraph,build,10000,49975,1,0.002384
igraph,build,10000,49975,2,0.001997
igraph,pagerank,10000,49975,0,0.001423
igraph,pagerank,10000,49975,1,0.000612
igraph,pagerank,10000,49975,2,0.000601
igraph,wcc,10000,49975,0,0.000948
igraph,wcc,10000,49975,1,0.000639
igraph,wcc,10000,49975,2,0.000610
igraph,bfs,10000,49975,0,0.000512
igraph,bfs,10000,49975,1,0.000442
igraph,bfs,10000,49975,2,0.000417
igraph,mem,10000,0,0,49577984
gonx,dijkstra,10000,49975,0,0.001110
gonx,dijkstra,10000,49975,1,0.001049
gonx,dijkstra,10000,49975,2,0.000991
gonx,mem_dijkstra,10000,0,0,10878976
gonum,dijkstra,10000,49975,0,0.010538
gonum,dijkstra,10000,49975,1,0.009454
gonum,dijkstra,10000,49975,2,0.009902
gonum,mem_dijkstra,10000,0,0,28491776
networkx,dijkstra,10000,49975,0,0.015553
networkx,dijkstra,10000,49975,1,0.014069
networkx,dijkstra,10000,49975,2,0.013637
networkx,mem_dijkstra,10000,0,0,65142784
igraph,dijkstra,10000,49975,0,0.002767
igraph,dijkstra,10000,49975,1,0.002323
igraph,dijkstra,10000,49975,2,0.002235
igraph,mem_dijkstra,10000,0,0,46579712
gonx,build,100000,499975,0,0.006242
gonx,build,100000,499975,1,0.006437
gonx,build,100000,499975,2,0.006171
gonx,pagerank,100000,499975,0,0.004598
gonx,pagerank,100000,499975,1,0.004419
gonx,pagerank,100000,499975,2,0.004578
gonx,wcc,100000,499975,0,0.003863
gonx,wcc,100000,499975,1,0.003554
gonx,wcc,100000,499975,2,0.003469
gonx,bfs,100000,499975,0,0.002089
gonx,bfs,100000,499975,1,0.002092
gonx,bfs,100000,499975,2,0.002071
gonx,mem,100000,0,0,41746432
gonum,build,100000,499975,0,0.165487
gonum,build,100000,499975,1,0.162434
gonum,build,100000,499975,2,0.167559
gonum,pagerank,100000,499975,0,0.112656
gonum,pagerank,100000,499975,1,0.114853
gonum,pagerank,100000,499975,2,0.110153
gonum,wcc,100000,499975,0,0.249774
gonum,wcc,100000,499975,1,0.233445
gonum,wcc,100000,499975,2,0.222351
gonum,bfs,100000,499975,0,0.071313
gonum,bfs,100000,499975,1,0.080594
gonum,bfs,100000,499975,2,0.061804
gonum,mem,100000,0,0,254623744
networkx,build,100000,499975,0,0.407841
networkx,build,100000,499975,1,0.421366
networkx,build,100000,499975,2,0.419929
networkx,pagerank,100000,499975,0,0.364773
networkx,pagerank,100000,499975,1,0.204851
networkx,pagerank,100000,499975,2,0.190836
networkx,wcc,100000,499975,0,0.089177
networkx,wcc,100000,499975,1,0.095493
networkx,wcc,100000,499975,2,0.090431
networkx,bfs,100000,499975,0,0.088095
networkx,bfs,100000,499975,1,0.153877
networkx,bfs,100000,499975,2,0.084573
networkx,mem,100000,0,0,393494528
igraph,build,100000,499975,0,0.049429
igraph,build,100000,499975,1,0.024117
igraph,build,100000,499975,2,0.023015
igraph,pagerank,100000,499975,0,0.008118
igraph,pagerank,100000,499975,1,0.008666
igraph,pagerank,100000,499975,2,0.008718
igraph,wcc,100000,499975,0,0.010666
igraph,wcc,100000,499975,1,0.008366
igraph,wcc,100000,499975,2,0.008599
igraph,bfs,100000,499975,0,0.006128
igraph,bfs,100000,499975,1,0.004984
igraph,bfs,100000,499975,2,0.004763
igraph,mem,100000,0,0,201179136
gonx,dijkstra,100000,499975,0,0.015458
gonx,dijkstra,100000,499975,1,0.015220
gonx,dijkstra,100000,499975,2,0.014997
gonx,mem_dijkstra,100000,0,0,48758784
gonum,dijkstra,100000,499975,0,0.141453
gonum,dijkstra,100000,499975,1,0.122452
gonum,dijkstra,100000,499975,2,0.141504
gonum,mem_dijkstra,100000,0,0,221511680
networkx,dijkstra,100000,499975,0,0.270648
networkx,dijkstra,100000,499975,1,0.282880
networkx,dijkstra,100000,499975,2,0.280770
networkx,mem_dijkstra,100000,0,0,316964864
igraph,dijkstra,100000,499975,0,0.032587
igraph,dijkstra,100000,499975,1,0.028557
igraph,dijkstra,100000,499975,2,0.029756
igraph,mem_dijkstra,100000,0,0,148242432
gonx,build,1000000,4999975,0,0.065474
gonx,build,1000000,4999975,1,0.065420
gonx,build,1000000,4999975,2,0.064256
gonx,pagerank,1000000,4999975,0,0.039701
gonx,pagerank,1000000,4999975,1,0.037645
gonx,pagerank,1000000,4999975,2,0.037542
gonx,wcc,1000000,4999975,0,0.079413
gonx,wcc,1000000,4999975,1,0.080028
gonx,wcc,1000000,4999975,2,0.080085
gonx,bfs,1000000,4999975,0,0.034403
gonx,bfs,1000000,4999975,1,0.033314
gonx,bfs,1000000,4999975,2,0.031330
gonx,mem,1000000,0,0,285032448
gonum,build,1000000,4999975,0,2.962330
gonum,build,1000000,4999975,1,2.815993
gonum,build,1000000,4999975,2,2.926312
gonum,pagerank,1000000,4999975,0,2.512768
gonum,pagerank,1000000,4999975,1,2.351361
gonum,pagerank,1000000,4999975,2,2.571287
gonum,wcc,1000000,4999975,0,4.533398
gonum,wcc,1000000,4999975,1,4.449822
gonum,wcc,1000000,4999975,2,4.280425
gonum,bfs,1000000,4999975,0,1.927905
gonum,bfs,1000000,4999975,1,1.826253
gonum,bfs,1000000,4999975,2,1.831151
gonum,mem,1000000,0,0,2686025728
networkx,build,1000000,4999975,0,6.580833
networkx,build,1000000,4999975,1,7.125329
networkx,build,1000000,4999975,2,6.958693
networkx,pagerank,1000000,4999975,0,3.325535
networkx,pagerank,1000000,4999975,1,3.068935
networkx,pagerank,1000000,4999975,2,2.979802
networkx,wcc,1000000,4999975,0,1.990701
networkx,wcc,1000000,4999975,1,1.982393
networkx,wcc,1000000,4999975,2,1.900983
networkx,bfs,1000000,4999975,0,2.313799
networkx,bfs,1000000,4999975,1,1.515167
networkx,bfs,1000000,4999975,2,2.111142
networkx,mem,1000000,0,0,3289792512
igraph,build,1000000,4999975,0,0.313808
igraph,build,1000000,4999975,1,0.284288
igraph,build,1000000,4999975,2,0.266291
igraph,pagerank,1000000,4999975,0,0.163692
igraph,pagerank,1000000,4999975,1,0.175031
igraph,pagerank,1000000,4999975,2,0.159811
igraph,wcc,1000000,4999975,0,0.229059
igraph,wcc,1000000,4999975,1,0.228579
igraph,wcc,1000000,4999975,2,0.241416
igraph,bfs,1000000,4999975,0,0.120133
igraph,bfs,1000000,4999975,1,0.116983
igraph,bfs,1000000,4999975,2,0.122335
igraph,mem,1000000,0,0,1640742912
gonx,dijkstra,1000000,4999975,0,0.272017
gonx,dijkstra,1000000,4999975,1,0.273432
gonx,dijkstra,1000000,4999975,2,0.266702
gonx,mem_dijkstra,1000000,0,0,461471744
gonum,dijkstra,1000000,4999975,0,3.394225
gonum,dijkstra,1000000,4999975,1,3.507248
gonum,dijkstra,1000000,4999975,2,3.339048
gonum,mem_dijkstra,1000000,0,0,2230730752
networkx,dijkstra,1000000,4999975,0,5.210576
networkx,dijkstra,1000000,4999975,1,5.528248
networkx,dijkstra,1000000,4999975,2,5.537459
networkx,mem_dijkstra,1000000,0,0,2747039744
igraph,dijkstra,1000000,4999975,0,0.609654
igraph,dijkstra,1000000,4999975,1,0.567585
igraph,dijkstra,1000000,4999975,2,0.559047
igraph,mem_dijkstra,1000000,0,0,1113882624
